<?xml version="1.0" encoding="UTF-8"?>
<assembly xmlns="http://maven.apache.org/plugins/maven-assembly-plugin/assembly/1.1.1">
    <id></id>
    <baseDirectory></baseDirectory>
    <formats>
        <format>war</format>
    </formats>

    <fileSets>
        <fileSet>
            <directory>../web/target/exploded/zeus-web.war</directory>
            <outputDirectory></outputDirectory>
			<includes>
                <include>**/**</include>
            </includes>
        </fileSet>
    </fileSets>
</assembly>